-- MySQL Script generated by MySQL Workbench
-- Mon Oct 19 02:35:58 2020
-- Model: New Model    Version: 1.0
-- MySQL Workbench Forward Engineering

SET @OLD_UNIQUE_CHECKS=@@UNIQUE_CHECKS, UNIQUE_CHECKS=0;
SET @OLD_FOREIGN_KEY_CHECKS=@@FOREIGN_KEY_CHECKS, FOREIGN_KEY_CHECKS=0;
SET @OLD_SQL_MODE=@@SQL_MODE, SQL_MODE='ONLY_FULL_GROUP_BY,STRICT_TRANS_TABLES,NO_ZERO_IN_DATE,NO_ZERO_DATE,ERROR_FOR_DIVISION_BY_ZERO,NO_ENGINE_SUBSTITUTION';

-- -----------------------------------------------------
-- Schema faqosdb
-- -----------------------------------------------------

-- -----------------------------------------------------
-- Schema faqosdb
-- -----------------------------------------------------
CREATE SCHEMA IF NOT EXISTS `faqosdb` DEFAULT CHARACTER SET utf8 ;
USE `faqosdb` ;

-- -----------------------------------------------------
-- Table `faqosdb`.`role`
-- -----------------------------------------------------
DROP TABLE IF EXISTS `faqosdb`.`role` ;

CREATE TABLE IF NOT EXISTS `faqosdb`.`role` (
  `id` INT(9) NOT NULL AUTO_INCREMENT,
  `nom` VARCHAR(255) NOT NULL,
  PRIMARY KEY (`id`))
ENGINE = InnoDB
AUTO_INCREMENT = 11
DEFAULT CHARACTER SET = utf8;


-- -----------------------------------------------------
-- Table `faqosdb`.`user`
-- -----------------------------------------------------
DROP TABLE IF EXISTS `faqosdb`.`user` ;

CREATE TABLE IF NOT EXISTS `faqosdb`.`user` (
  `id` INT(9) NOT NULL AUTO_INCREMENT,
  `name` VARCHAR(255) NOT NULL,
  `mail` VARCHAR(255) NOT NULL,
  `pass` VARCHAR(255) NOT NULL,
  `ip_adress` VARCHAR(30) NOT NULL,
  `role_id` INT(9) NOT NULL,
  PRIMARY KEY (`id`),
  INDEX `fk_user_role1_idx` (`role_id` ASC),
 ENGINE = InnoDB
AUTO_INCREMENT = 11
DEFAULT CHARACTER SET = utf8;


-- -----------------------------------------------------
-- Table `faqosdb`.`categories`
-- -----------------------------------------------------
DROP TABLE IF EXISTS `faqosdb`.`categories` ;

CREATE TABLE IF NOT EXISTS `faqosdb`.`categories` (
  `id` INT(9) NOT NULL AUTO_INCREMENT,
  `titre` VARCHAR(255) NOT NULL,
  `contenu` VARCHAR(255) NOT NULL,
  `cover` VARCHAR(255) NOT NULL,
  `created_by` INT(11) NOT NULL,
  `created_at` DATE NULL,
  `disabled_by` INT(11) NULL,
  `disabled_at` DATE NULL,
  PRIMARY KEY (`id`),
  INDEX `fk_categories_user1_idx` (`created_by` ASC),
  INDEX `fk_categories_user2_idx` (`disabled_by` ASC),
ENGINE = InnoDB
AUTO_INCREMENT = 11
DEFAULT CHARACTER SET = utf8;


-- -----------------------------------------------------
-- Table `faqosdb`.`question`
-- -----------------------------------------------------
DROP TABLE IF EXISTS `faqosdb`.`question` ;

CREATE TABLE IF NOT EXISTS `faqosdb`.`question` (
  `id` INT(9) NOT NULL AUTO_INCREMENT,
  `titre` VARCHAR(255) NOT NULL,
  `contenu` VARCHAR(255) NOT NULL,
  `created_by` INT(11) NOT NULL,
  `created_at` DATE NULL,
  `disabled_by` INT(11) NULL,
  `disabled_at` DATE NULL,
  PRIMARY KEY (`id`),
  INDEX `fk_question_user1_idx` (`created_by` ASC),
  INDEX `fk_question_user1_idx1` (`disabled_by` ASC),
 ENGINE = InnoDB
AUTO_INCREMENT = 11
DEFAULT CHARACTER SET = utf8;


-- -----------------------------------------------------
-- Table `faqosdb`.`reponse`
-- -----------------------------------------------------
DROP TABLE IF EXISTS `faqosdb`.`reponse` ;

CREATE TABLE IF NOT EXISTS `faqosdb`.`reponse` (
  `id` INT(9) NOT NULL AUTO_INCREMENT,
  `question_id` INT(9) NOT NULL,
  `contenu` VARCHAR(255) NOT NULL,
  `created_by` INT(11) NOT NULL,
  `created_at` DATE NULL,
  `disabled_by` INT(11) NULL,
  `disabled_at` DATE NULL,
  PRIMARY KEY (`id`),
  INDEX `fk_reponse_question_idx` (`question_id` ASC),
  INDEX `fk_reponse_user1_idx` (`created_by` ASC),
  INDEX `fk_reponse_user2_idx` (`disabled_by` ASC),
 ENGINE = InnoDB
AUTO_INCREMENT = 11
DEFAULT CHARACTER SET = utf8;


-- -----------------------------------------------------
-- Table `faqosdb`.`tags`
-- -----------------------------------------------------
DROP TABLE IF EXISTS `faqosdb`.`tags` ;

CREATE TABLE IF NOT EXISTS `faqosdb`.`tags` (
  `id` INT(9) NOT NULL AUTO_INCREMENT,
  `nom` VARCHAR(255) NOT NULL,
  `created_by` INT(11) NOT NULL,
  `created_at` DATE NULL,
  `disabled_by` INT(11) NULL,
  `disabled_at` DATE NULL,
  PRIMARY KEY (`id`),
  INDEX `fk_tags_user1_idx` (`created_by` ASC),
  INDEX `fk_tags_user2_idx` (`disabled_by` ASC),
 ENGINE = InnoDB
AUTO_INCREMENT = 11
DEFAULT CHARACTER SET = utf8;


-- -----------------------------------------------------
-- Table `faqosdb`.`vote`
-- -----------------------------------------------------
DROP TABLE IF EXISTS `faqosdb`.`vote` ;

CREATE TABLE IF NOT EXISTS `faqosdb`.`vote` (
  `vote_id` INT(9) NOT NULL AUTO_INCREMENT,
  `vote_value` INT(1) NOT NULL,
  `reponse_id` INT(11) NOT NULL,
  `ip_adress` VARCHAR(80) NOT NULL,
  `user_id` INT(9) NOT NULL,
  PRIMARY KEY (`vote_id`),
  INDEX `fk_vote_reponse1_idx` (`reponse_id` ASC),
  INDEX `fk_vote_user1_idx` (`user_id` ASC),
ENGINE = InnoDB
AUTO_INCREMENT = 11
DEFAULT CHARACTER SET = utf8;


-- -----------------------------------------------------
-- Table `faqosdb`.`question_has_tags`
-- -----------------------------------------------------
DROP TABLE IF EXISTS `faqosdb`.`question_has_tags` ;

CREATE TABLE IF NOT EXISTS `faqosdb`.`question_has_tags` (
  `question_id` INT(9) NOT NULL,
  `tags_id` INT(9) NOT NULL,
  PRIMARY KEY (`question_id`, `tags_id`),
  INDEX `fk_question_has_tags_tags1_idx` (`tags_id` ASC),
  INDEX `fk_question_has_tags_question1_idx` (`question_id` ASC),
  CONSTRAINT `fk_question_has_tags_question1`
    FOREIGN KEY (`question_id`)
    REFERENCES `faqosdb`.`question` (`id`)
    ON DELETE NO ACTION
    ON UPDATE NO ACTION,
  CONSTRAINT `fk_question_has_tags_tags1`
    FOREIGN KEY (`tags_id`)
    REFERENCES `faqosdb`.`tags` (`id`)
    ON DELETE NO ACTION
    ON UPDATE NO ACTION)
ENGINE = InnoDB
DEFAULT CHARACTER SET = utf8;


-- -----------------------------------------------------
-- Table `faqosdb`.`question_has_categories`
-- -----------------------------------------------------
DROP TABLE IF EXISTS `faqosdb`.`question_has_categories` ;

CREATE TABLE IF NOT EXISTS `faqosdb`.`question_has_categories` (
  `question_id` INT(9) NOT NULL,
  `categories_id` INT(9) NOT NULL,
  PRIMARY KEY (`question_id`, `categories_id`),
  INDEX `fk_question_has_categories_categories1_idx` (`categories_id` ASC),
  INDEX `fk_question_has_categories_question1_idx` (`question_id` ASC),
 ENGINE = InnoDB
DEFAULT CHARACTER SET = utf8;


SET SQL_MODE=@OLD_SQL_MODE;
SET FOREIGN_KEY_CHECKS=@OLD_FOREIGN_KEY_CHECKS;
SET UNIQUE_CHECKS=@OLD_UNIQUE_CHECKS;

-- -----------------------------------------------------
-- Data for table `faqosdb`.`role`
-- -----------------------------------------------------
START TRANSACTION;
USE `faqosdb`;
INSERT INTO `faqosdb`.`role` (`id`, `nom`) VALUES (1, 'Rédacteur');
INSERT INTO `faqosdb`.`role` (`id`, `nom`) VALUES (2, 'Modérateur');
INSERT INTO `faqosdb`.`role` (`id`, `nom`) VALUES (3, 'Admin');
INSERT INTO `faqosdb`.`role` (`id`, `nom`) VALUES (4 , 'Super Admin');

COMMIT;


-- -----------------------------------------------------
-- Data for table `faqosdb`.`user`
-- -----------------------------------------------------
START TRANSACTION;
USE `faqosdb`;
INSERT INTO `faqosdb`.`user` (`id`, `name`, `mail`, `pass`, `ip_adress`, `role_id`) VALUES (1, 'TRAD AIDOUD', 'trad.aidoud@gmail.com', 'chir1aur', '145.54.25.162', 1);
INSERT INTO `faqosdb`.`user` (`id`, `name`, `mail`, `pass`, `ip_adress`, `role_id`) VALUES (2, 'BERNARD Ismael', 'ismael.bernard@gmail.com', 'superBernard', '175.45.623.89', 1);
INSERT INTO `faqosdb`.`user` (`id`, `name`, `mail`, `pass`, `ip_adress`, `role_id`) VALUES (3, 'CHIREN Aurélien', 'aurelien.chiren@gmail.com', 'Chirwild', '51.210.47.135', 2);

COMMIT;


-- -----------------------------------------------------
-- Data for table `faqosdb`.`question`
-- -----------------------------------------------------
START TRANSACTION;
USE `faqosdb`;
INSERT INTO `faqosdb`.`question` (`id`, `titre`, `contenu`, `created_by`, `created_at`, `disabled_by`, `disabled_at`) VALUES (1, 'CA micro-entreprise', 'Quel est le chiffre d\'affaire autorisé pour la micro-entreprise?', 2, NULL, NULL, NULL);
INSERT INTO `faqosdb`.`question` (`id`, `titre`, `contenu`, `created_by`, `created_at`, `disabled_by`, `disabled_at`) VALUES (2, 'Apport SAS', 'Quel est l\'apport minimal pour une SAS?', 2, NULL, 2, NULL);
INSERT INTO `faqosdb`.`question` (`id`, `titre`, `contenu`, `created_by`, `created_at`, `disabled_by`, `disabled_at`) VALUES (3, 'Délai pour payer une facture ?', 'Au bout de combien temps puis-je relancer un client qui ne me paye pa?', 1, NULL, NULL, NULL);

COMMIT;


-- -----------------------------------------------------
-- Data for table `faqosdb`.`reponse`
-- -----------------------------------------------------
START TRANSACTION;
USE `faqosdb`;
INSERT INTO `faqosdb`.`reponse` (`id`, `question_id`, `contenu`, `created_by`, `created_at`, `disabled_by`, `disabled_at`) VALUES (1, 1, 'CA maximal : 69800e pour les prestations de services', 3, NULL, NULL, NULL);
INSERT INTO `faqosdb`.`reponse` (`id`, `question_id`, `contenu`, `created_by`, `created_at`, `disabled_by`, `disabled_at`) VALUES (2, 2, 'L\'apport pour une SAS est maintenant de 1€', 2, NULL, NULL, NULL);
INSERT INTO `faqosdb`.`reponse` (`id`, `question_id`, `contenu`, `created_by`, `created_at`, `disabled_by`, `disabled_at`) VALUES (3, 3, 'Le délai pour le paiement est ramené à 45 jours après émission de la facture', 1, NULL, NULL, NULL);

COMMIT;


-- -----------------------------------------------------
-- Data for table `faqosdb`.`tags`
-- -----------------------------------------------------
START TRANSACTION;
USE `faqosdb`;
INSERT INTO `faqosdb`.`tags` (`id`, `nom`, `created_by`, `created_at`, `disabled_by`, `disabled_at`) VALUES (1, 'Juridique', 1, NULL, 1, NULL);
INSERT INTO `faqosdb`.`tags` (`id`, `nom`, `created_by`, `created_at`, `disabled_by`, `disabled_at`) VALUES (2, 'Commerce', 2, NULL, 2, NULL);
INSERT INTO `faqosdb`.`tags` (`id`, `nom`, `created_by`, `created_at`, `disabled_by`, `disabled_at`) VALUES (3, 'Facturation', 3, NULL, 3, NULL);
INSERT INTO `faqosdb`.`tags` (`id`, `nom`, `created_by`, `created_at`, `disabled_by`, `disabled_at`) VALUES (4, 'Micro-entreprise', 3, NULL, 3, NULL);

COMMIT;


-- -----------------------------------------------------
-- Data for table `faqosdb`.`question_has_tags`
-- -----------------------------------------------------
START TRANSACTION;
USE `faqosdb`;
INSERT INTO `faqosdb`.`question_has_tags` (`question_id`, `tags_id`) VALUES (1, 1);
INSERT INTO `faqosdb`.`question_has_tags` (`question_id`, `tags_id`) VALUES (2, 2);
INSERT INTO `faqosdb`.`question_has_tags` (`question_id`, `tags_id`) VALUES (3, 3);

COMMIT;
